customer_id,genre,age,annual_income,spending_score
1,Male,19,15,39
2,Male,21,15,81
3,Female,20,16,6
4,Female,23,16,77
5,Female,31,17,40
6,Female,22,17,76
7,Female,35,18,6
8,Female,23,18,94
9,Male,64,19,3
10,Female,30,19,72
11,Male,67,19,14
12,Female,35,19,99
13,Female,58,20,15
14,Female,24,20,77
15,Male,37,20,13
16,Male,22,20,79
17,Female,35,21,35
18,Male,20,21,66
19,Male,52,23,29
20,Female,35,23,98
21,Male,35,24,35
22,Male,25,24,73
23,Female,46,25,5
24,Male,31,25,73
25,Female,54,28,14
26,Male,29,28,82
27,Female,45,28,32
28,Male,35,28,61
29,Female,40,29,31
30,Female,23,29,87
31,Male,60,30,4
32,Female,21,30,73
33,Male,53,33,4
34,Male,18,33,92
35,Female,49,33,14
36,Female,21,33,81
37,Female,42,34,17
38,Female,30,34,73
39,Female,36,37,26
40,Female,20,37,75
41,Female,65,38,35
42,Male,24,38,92
43,Male,48,39,36
44,Female,31,39,61
45,Female,49,39,28
46,Female,24,39,65
47,Female,50,40,55
48,Female,27,40,47
49,Female,29,40,42
50,Female,31,40,42
51,Female,49,42,52
52,Male,33,42,60
53,Female,31,43,54
54,Male,59,43,60
55,Female,50,43,45
56,Male,47,43,41
57,Female,51,44,50
58,Male,69,44,46
59,Female,27,46,51
60,Male,53,46,46
61,Male,70,46,56
62,Male,19,46,55
63,Female,67,47,52
64,Female,54,47,59
65,Male,63,48,51
66,Male,18,48,59
67,Female,43,48,50
68,Female,68,48,48
69,Male,19,48,59
70,Female,32,48,47
71,Male,70,49,55
72,Female,47,49,42
73,Female,60,50,49
74,Female,60,50,56
75,Male,59,54,47
76,Male,26,54,54
77,Female,45,54,53
78,Male,40,54,48
79,Female,23,54,52
80,Female,49,54,42
81,Male,57,54,51
82,Male,38,54,55
83,Male,67,54,41
84,Female,46,54,44
85,Female,21,54,57
86,Male,48,54,46
87,Female,55,57,58
88,Female,22,57,55
89,Female,34,58,60
90,Female,50,58,46
91,Female,68,59,55
92,Male,18,59,41
93,Male,48,60,49
94,Female,40,60,40
95,Female,32,60,42
96,Male,24,60,52
97,Female,47,60,47
98,Female,27,60,50
99,Male,48,61,42
100,Male,20,61,49
101,Female,23,62,41
102,Female,49,62,48
103,Male,67,62,59
104,Male,26,62,55
105,Male,49,62,56
106,Female,21,62,42
107,Female,66,63,50
108,Male,54,63,46
109,Male,68,63,43
110,Male,66,63,48
111,Male,65,63,52
112,Female,19,63,54
113,Female,38,64,42
114,Male,19,64,46
115,Female,18,65,48
116,Female,19,65,50
117,Female,63,65,43
118,Female,49,65,59
119,Female,51,67,43
120,Female,50,67,57
121,Male,27,67,56
122,Female,38,67,40
123,Female,40,69,58
124,Male,39,69,91
125,Female,23,70,29
126,Female,31,70,77
127,Male,43,71,35
128,Male,40,71,95
129,Male,59,71,11
130,Male,38,71,75
131,Male,47,71,9
132,Male,39,71,75
133,Female,25,72,34
134,Female,31,72,71
135,Male,20,73,5
136,Female,29,73,88
137,Female,44,73,7
138,Male,32,73,73
139,Male,19,74,10
140,Female,35,74,72
141,Female,57,75,5
142,Male,32,75,93
143,Female,28,76,40
144,Female,32,76,87
145,Male,25,77,12
146,Male,28,77,97
147,Male,48,77,36
148,Female,32,77,74
149,Female,34,78,22
150,Male,34,78,90
151,Male,43,78,17
152,Male,39,78,88
153,Female,44,78,20
154,Female,38,78,76
155,Female,47,78,16
156,Female,27,78,89
157,Male,37,78,1
158,Female,30,78,78
159,Male,34,78,1
160,Female,30,78,73
161,Female,56,79,35
162,Female,29,79,83
163,Male,19,81,5
164,Female,31,81,93
165,Male,50,85,26
166,Female,36,85,75
167,Male,42,86,20
168,Female,33,86,95
169,Female,36,87,27
170,Male,32,87,63
171,Male,40,87,13
172,Male,28,87,75
173,Male,36,87,10
174,Male,36,87,92
175,Female,52,88,13
176,Female,30,88,86
177,Male,58,88,15
178,Male,27,88,69
179,Male,59,93,14
180,Male,35,93,90
181,Female,37,97,32
182,Female,32,97,86
183,Male,46,98,15
184,Female,29,98,88
185,Female,41,99,39
186,Male,30,99,97
187,Female,54,101,24
188,Male,28,101,68
189,Female,41,103,17
190,Female,36,103,85
191,Female,34,103,23
192,Female,32,103,69
193,Male,33,113,8
194,Female,38,113,91
195,Female,47,120,16
196,Female,35,120,79
197,Female,45,126,28
198,Male,32,126,74
199,Male,32,137,18
200,Male,30,137,83
201,Male,19,15,39
202,Male,21,15,81
203,Female,20,16,6
204,Female,23,16,77
205,Female,31,17,40
206,Female,22,17,76
207,Female,35,18,6
208,Female,23,18,94
209,Male,64,19,3
210,Female,30,19,72
211,Male,67,19,14
212,Female,35,19,99
213,Female,58,20,15
214,Female,24,20,77
215,Male,37,20,13
216,Male,22,20,79
217,Female,35,21,35
218,Male,20,21,66
219,Male,52,23,29
220,Female,35,23,98
221,Male,35,24,35
222,Male,25,24,73
223,Female,46,25,5
224,Male,31,25,73
225,Female,54,28,14
226,Male,29,28,82
227,Female,45,28,32
228,Male,35,28,61
229,Female,40,29,31
230,Female,23,29,87
231,Male,60,30,4
232,Female,21,30,73
233,Male,53,33,4
234,Male,18,33,92
235,Female,49,33,14
236,Female,21,33,81
237,Female,42,34,17
238,Female,30,34,73
239,Female,36,37,26
240,Female,20,37,75
241,Female,65,38,35
242,Male,24,38,92
243,Male,48,39,36
244,Female,31,39,61
245,Female,49,39,28
246,Female,24,39,65
247,Female,50,40,55
248,Female,27,40,47
249,Female,29,40,42
250,Female,31,40,42
251,Female,49,42,52
252,Male,33,42,60
253,Female,31,43,54
254,Male,59,43,60
255,Female,50,43,45
256,Male,47,43,41
257,Female,51,44,50
258,Male,69,44,46
259,Female,27,46,51
260,Male,53,46,46
261,Male,70,46,56
262,Male,19,46,55
263,Female,67,47,52
264,Female,54,47,59
265,Male,63,48,51
266,Male,18,48,59
267,Female,43,48,50
268,Female,68,48,48
269,Male,19,48,59
270,Female,32,48,47
271,Male,70,49,55
272,Female,47,49,42
273,Female,60,50,49
274,Female,60,50,56
275,Male,59,54,47
276,Male,26,54,54
277,Female,45,54,53
278,Male,40,54,48
279,Female,23,54,52
280,Female,49,54,42
281,Male,57,54,51
282,Male,38,54,55
283,Male,67,54,41
284,Female,46,54,44
285,Female,21,54,57
286,Male,48,54,46
287,Female,55,57,58
288,Female,22,57,55
289,Female,34,58,60
290,Female,50,58,46
291,Female,68,59,55
292,Male,18,59,41
293,Male,48,60,49
294,Female,40,60,40
295,Female,32,60,42
296,Male,24,60,52
297,Female,47,60,47
298,Female,27,60,50
299,Male,48,61,42
300,Male,20,61,49
301,Female,23,62,41
302,Female,49,62,48
303,Male,67,62,59
304,Male,26,62,55
305,Male,49,62,56
306,Female,21,62,42
307,Female,66,63,50
308,Male,54,63,46
309,Male,68,63,43
310,Male,66,63,48
311,Male,65,63,52
312,Female,19,63,54
313,Female,38,64,42
314,Male,19,64,46
315,Female,18,65,48
316,Female,19,65,50
317,Female,63,65,43
318,Female,49,65,59
319,Female,51,67,43
320,Female,50,67,57
321,Male,27,67,56
322,Female,38,67,40
323,Female,40,69,58
324,Male,39,69,91
325,Female,23,70,29
326,Female,31,70,77
327,Male,43,71,35
328,Male,40,71,95
329,Male,59,71,11
330,Male,38,71,75
331,Male,47,71,9
332,Male,39,71,75
333,Female,25,72,34
334,Female,31,72,71
335,Male,20,73,5
336,Female,29,73,88
337,Female,44,73,7
338,Male,32,73,73
339,Male,19,74,10
340,Female,35,74,72
341,Female,57,75,5
342,Male,32,75,93
343,Female,28,76,40
344,Female,32,76,87
345,Male,25,77,12
346,Male,28,77,97
347,Male,48,77,36
348,Female,32,77,74
349,Female,34,78,22
350,Male,34,78,90
351,Male,43,78,17
352,Male,39,78,88
353,Female,44,78,20
354,Female,38,78,76
355,Female,47,78,16
356,Female,27,78,89
357,Male,37,78,1
358,Female,30,78,78
359,Male,34,78,1
360,Female,30,78,73
361,Female,56,79,35
362,Female,29,79,83
363,Male,19,81,5
364,Female,31,81,93
365,Male,50,85,26
366,Female,36,85,75
367,Male,42,86,20
368,Female,33,86,95
369,Female,36,87,27
370,Male,32,87,63
371,Male,40,87,13
372,Male,28,87,75
373,Male,36,87,10
374,Male,36,87,92
375,Female,52,88,13
376,Female,30,88,86
377,Male,58,88,15
378,Male,27,88,69
379,Male,59,93,14
380,Male,35,93,90
381,Female,37,97,32
382,Female,32,97,86
383,Male,46,98,15
384,Female,29,98,88
385,Female,41,99,39
386,Male,30,99,97
387,Female,54,101,24
388,Male,28,101,68
389,Female,41,103,17
390,Female,36,103,85
391,Female,34,103,23
392,Female,32,103,69
393,Male,33,113,8
394,Female,38,113,91
395,Female,47,120,16
396,Female,35,120,79
397,Female,45,126,28
398,Male,32,126,74
399,Male,32,137,18
400,Male,30,137,83
401,Female,34,78,22
402,Male,34,78,90
403,Male,43,78,17
404,Male,39,78,88
405,Female,44,78,20
406,Female,38,78,76
407,Female,47,78,16
408,Female,27,78,89
409,Male,37,78,1
410,Female,30,78,78
411,Male,34,78,1
412,Female,30,78,73
413,Female,56,79,35
414,Female,29,79,83
415,Male,19,81,5
416,Female,31,81,93
417,Male,50,85,26
418,Female,36,85,75
419,Male,42,86,20
420,Female,33,86,95
421,Female,36,87,27
422,Male,32,87,63
423,Male,40,87,13
424,Male,28,87,75
425,Male,36,87,10
426,Male,36,87,92
427,Female,52,88,13
428,Female,30,88,86
429,Male,58,88,15
430,Male,27,88,69
431,Male,59,93,14
432,Male,35,93,90
433,Female,37,97,32
434,Female,32,97,86
435,Male,46,98,15
436,Female,29,98,88
437,Female,41,99,39
438,Male,30,99,97
439,Female,54,101,24
440,Male,28,101,68
441,Female,41,103,17
442,Female,36,103,85
443,Female,34,103,23
444,Female,32,103,69
445,Male,33,113,8
446,Female,38,113,91
447,Female,47,120,16
448,Female,35,120,79
449,Female,45,126,28
450,Male,32,126,74
451,Male,32,137,18
452,Male,30,137,83
453,Female,29,98,88
454,Female,41,99,39
455,Male,30,99,97
456,Female,54,101,24
457,Male,28,101,68
458,Female,41,103,17
459,Female,36,103,85
460,Female,34,103,23
461,Female,32,103,69
462,Male,33,113,8
463,Female,38,113,91
464,Female,47,120,16
465,Female,35,120,79
466,Female,45,126,28
467,Male,32,126,74
468,Male,32,137,18
469,Male,30,137,83
470,Female,34,78,22
471,Male,34,78,90
472,Male,43,78,17
473,Male,39,78,88
474,Female,44,78,20
475,Female,38,78,76
476,Female,47,78,16
477,Female,27,78,89
478,Male,37,78,1
479,Female,30,78,78
480,Male,34,78,1
481,Female,30,78,73
482,Female,56,79,35
483,Female,29,79,83
484,Male,19,81,5
485,Female,31,81,93
486,Female,35,19,99
487,Female,58,20,15
488,Female,24,20,77
489,Male,37,20,13
490,Male,22,20,79
491,Female,35,21,35
492,Male,20,21,66
493,Male,52,23,29
494,Female,35,23,98
495,Male,35,24,35
496,Male,25,24,73
497,Female,46,25,5
498,Male,31,25,73
499,Female,54,28,14
500,Male,29,28,82
501,Female,45,28,32
502,Male,35,28,61
503,Female,40,29,31
504,Female,23,29,87
505,Male,60,30,4
506,Female,21,30,73
507,Male,53,33,4
508,Male,18,33,92
509,Female,49,33,14
510,Female,21,33,81
511,Female,42,34,17
512,Female,30,34,73
513,Female,36,37,26
514,Female,20,37,75
515,Female,65,38,35
516,Male,24,38,92
517,Male,48,39,36
518,Female,31,39,61
519,Female,49,39,28
520,Female,24,39,65
521,Female,50,40,55
522,Female,27,40,47
523,Female,29,40,42
524,Female,31,40,42
525,Female,49,42,52
526,Male,33,42,60
527,Female,31,43,54
528,Male,59,43,60
529,Female,50,43,45
530,Male,47,43,41
531,Female,51,44,50
532,Male,69,44,46
533,Female,27,46,51
534,Male,53,46,46
535,Male,70,46,56
536,Male,19,46,55
537,Female,67,47,52
538,Female,54,47,59
539,Male,63,48,51
540,Male,18,48,59
541,Female,43,48,50
542,Female,68,48,48
543,Male,19,48,59
544,Female,32,48,47
545,Male,70,49,55
546,Female,47,49,42
547,Female,60,50,49
548,Female,60,50,56
549,Male,59,54,47
550,Male,26,54,54
551,Female,45,54,53
552,Male,40,54,48
553,Female,23,54,52
554,Female,49,54,42
555,Male,57,54,51
556,Male,38,54,55
557,Male,67,54,41
558,Female,46,54,44
559,Female,21,54,57
560,Male,48,54,46
561,Female,55,57,58
562,Female,22,57,55
563,Female,34,58,60
564,Female,50,58,46
565,Female,68,59,55
566,Male,18,59,41
567,Male,48,60,49
568,Female,40,60,40
569,Female,32,60,42
570,Male,24,60,52
571,Female,47,60,47
572,Female,27,60,50
573,Male,48,61,42
574,Male,20,61,49
575,Female,23,62,41
576,Female,49,62,48
577,Male,67,62,59
578,Male,26,62,55
579,Male,49,62,56
580,Female,21,62,42
581,Female,66,63,50
582,Male,54,63,46
583,Male,68,63,43
584,Male,66,63,48
585,Male,65,63,52
586,Female,19,63,54
587,Female,38,64,42
588,Male,19,64,46
589,Female,18,65,48
590,Female,19,65,50
591,Female,63,65,43
592,Female,49,65,59
593,Female,51,67,43
594,Female,50,67,57
595,Male,27,67,56
596,Female,38,67,40
597,Female,40,69,58
598,Male,39,69,91
599,Female,23,70,29
600,Female,31,70,77
601,Male,43,71,35
602,Male,40,71,95
603,Male,59,71,11
604,Male,38,71,75
605,Male,47,71,9
606,Male,39,71,75
607,Female,25,72,34
608,Female,31,72,71
609,Male,20,73,5
610,Female,29,73,88
611,Female,44,73,7
612,Male,32,73,73
613,Male,19,74,10
614,Female,35,74,72
615,Female,57,75,5
616,Male,32,75,93
617,Female,28,76,40
618,Female,32,76,87
619,Male,25,77,12
620,Male,28,77,97
621,Male,48,77,36
622,Female,32,77,74
623,Female,34,78,22
624,Male,34,78,90
625,Female,68,48,48
626,Male,19,48,59
627,Female,32,48,47
628,Male,70,49,55
629,Female,47,49,42
630,Female,60,50,49
631,Female,60,50,56
632,Male,59,54,47
633,Male,26,54,54
634,Female,45,54,53
635,Male,40,54,48
636,Female,23,54,52
637,Female,49,54,42
638,Male,57,54,51
639,Male,38,54,55
640,Male,67,54,41
641,Female,46,54,44
642,Female,21,54,57
643,Male,48,54,46
644,Female,55,57,58
645,Female,22,57,55
646,Female,34,58,60
647,Female,50,58,46
648,Female,68,59,55
649,Male,18,59,41
650,Male,48,60,49
651,Female,40,60,40
652,Female,32,60,42
653,Male,24,60,52
654,Female,47,60,47
655,Female,27,60,50
656,Male,48,61,42
657,Male,20,61,49
658,Female,23,62,41
659,Female,49,62,48
660,Male,67,62,59
661,Male,26,62,55
662,Male,49,62,56
663,Female,21,62,42
664,Female,66,63,50
665,Male,54,63,46
666,Male,68,63,43
667,Male,66,63,48
668,Male,65,63,52
669,Female,19,63,54
670,Female,38,64,42
671,Male,19,64,46
672,Female,18,65,48
673,Female,19,65,50
674,Female,63,65,43
675,Female,49,65,59
676,Female,51,67,43
677,Female,50,67,57
678,Male,27,67,56
679,Female,38,67,40
680,Female,40,69,58
681,Male,39,69,91
682,Female,23,70,29
683,Female,31,70,77
684,Male,43,71,35
685,Male,40,71,95
686,Male,59,71,11
687,Male,38,71,75
688,Male,47,71,9
689,Male,39,71,75
690,Female,25,72,34
691,Female,31,72,71
692,Male,20,73,5
693,Female,29,73,88
694,Female,44,73,7
695,Male,32,73,73
696,Male,19,74,10
697,Female,35,74,72
698,Female,57,75,5
699,Male,32,75,93
700,Female,28,76,40
701,Female,32,76,87
702,Male,25,77,12
703,Male,28,77,97
704,Male,48,77,36
705,Female,32,77,74
706,Female,34,78,22
707,Male,34,78,90
708,Male,43,78,17
709,Male,39,78,88
710,Female,44,78,20
711,Female,38,78,76
712,Female,47,78,16
713,Female,27,78,89
714,Male,37,78,1
715,Female,30,78,78
716,Male,34,78,1
717,Female,30,78,73
718,Female,56,79,35
719,Female,29,79,83
720,Male,19,81,5
721,Female,31,81,93
722,Male,50,85,26
723,Female,36,85,75
724,Male,42,86,20
725,Female,33,86,95
726,Female,36,87,27
727,Male,32,87,63
728,Male,40,87,13
729,Male,28,87,75
730,Male,36,87,10
731,Male,36,87,92
732,Female,52,88,13
733,Female,30,88,86
734,Male,58,88,15
735,Male,27,88,69
736,Male,59,93,14
737,Male,35,93,90
738,Female,37,97,32
739,Female,32,97,86
740,Male,46,98,15
741,Female,29,98,88
742,Female,41,99,39
743,Male,30,99,97
744,Female,54,101,24
745,Male,28,101,68
746,Female,41,103,17
747,Female,36,103,85
748,Female,34,103,23
749,Female,32,103,69
750,Male,33,113,8
751,Female,38,113,91
752,Female,47,120,16
753,Female,35,120,79
754,Female,45,126,28
755,Male,32,126,74
756,Male,32,137,18
757,Male,30,137,83
758,Male,19,15,39
759,Male,21,15,81
760,Female,20,16,6
761,Female,23,16,77
762,Female,31,17,40
763,Female,22,17,76
764,Female,35,18,6
765,Female,23,18,94
766,Male,64,19,3
767,Female,30,19,72
768,Male,67,19,14
769,Female,35,19,99
770,Female,58,20,15
771,Female,24,20,77
772,Male,37,20,13
773,Male,22,20,79
774,Female,35,21,35
775,Male,20,21,66
776,Male,52,23,29
777,Female,35,23,98
778,Male,35,24,35
779,Male,25,24,73
780,Female,46,25,5
781,Male,31,25,73
782,Female,54,28,14
783,Male,29,28,82
784,Female,45,28,32
785,Male,35,28,61
786,Female,40,29,31
787,Female,23,29,87
788,Male,60,30,4
789,Female,21,30,73
790,Male,53,33,4
791,Male,18,33,92
792,Female,49,33,14
793,Female,21,33,81
794,Female,42,34,17
795,Female,30,34,73
796,Female,36,37,26
797,Female,20,37,75
798,Female,65,38,35
799,Male,24,38,92
800,Male,48,39,36
801,Female,31,39,61
802,Female,49,39,28
803,Female,24,39,65
804,Female,50,40,55
805,Female,27,40,47
806,Female,29,40,42
807,Female,31,40,42
808,Female,49,42,52
809,Male,33,42,60
810,Female,31,43,54
811,Male,59,43,60
812,Female,50,43,45
813,Male,47,43,41
814,Female,51,44,50
815,Male,69,44,46
816,Female,27,46,51
817,Male,53,46,46
818,Male,70,46,56
819,Male,19,46,55
820,Female,67,47,52
821,Female,54,47,59
822,Male,63,48,51
823,Male,18,48,59
824,Female,43,48,50
825,Female,68,48,48
826,Male,19,48,59
827,Female,32,48,47
828,Male,70,49,55
829,Female,47,49,42
830,Female,60,50,49
831,Female,60,50,56
832,Male,59,54,47
833,Male,26,54,54
834,Female,45,54,53
835,Male,40,54,48
836,Female,23,54,52
837,Female,49,54,42
838,Male,57,54,51
839,Male,38,54,55
840,Male,67,54,41
841,Female,46,54,44
842,Female,21,54,57
843,Male,48,54,46
844,Female,55,57,58
845,Female,22,57,55
846,Female,34,58,60
847,Female,50,58,46
848,Female,68,59,55
849,Male,18,59,41
850,Male,48,60,49
851,Female,40,60,40
852,Female,32,60,42
853,Male,24,60,52
854,Female,47,60,47
855,Female,27,60,50
856,Male,48,61,42
857,Male,20,61,49
858,Female,23,62,41
859,Female,49,62,48
860,Male,67,62,59
861,Male,26,62,55
862,Male,49,62,56
863,Female,21,62,42
864,Female,66,63,50
865,Male,54,63,46
866,Male,68,63,43
867,Male,66,63,48
868,Male,65,63,52
869,Female,19,63,54
870,Female,38,64,42
871,Male,19,64,46
872,Female,18,65,48
873,Female,19,65,50
874,Female,63,65,43
875,Female,49,65,59
876,Female,51,67,43
877,Female,50,67,57
878,Male,27,67,56
879,Female,38,67,40
880,Female,40,69,58
881,Male,39,69,91
882,Female,23,70,29
883,Female,31,70,77
884,Male,43,71,35
885,Male,40,71,95
886,Male,59,71,11
887,Male,38,71,75
888,Male,47,71,9
889,Male,39,71,75
890,Female,25,72,34
891,Female,31,72,71
892,Male,20,73,5
893,Female,29,73,88
894,Female,44,73,7
895,Male,32,73,73
896,Male,19,74,10
897,Female,35,74,72
898,Female,57,75,5
899,Male,32,75,93
900,Female,28,76,40
901,Female,32,76,87
902,Male,25,77,12
903,Male,28,77,97
904,Male,48,77,36
905,Female,32,77,74
906,Female,34,78,22
907,Male,34,78,90
908,Male,43,78,17
909,Male,39,78,88
910,Female,44,78,20
911,Female,38,78,76
912,Female,47,78,16
913,Female,27,78,89
914,Male,37,78,1
915,Female,30,78,78
916,Male,34,78,1
917,Female,30,78,73
918,Female,56,79,35
919,Female,29,79,83
920,Male,19,81,5
921,Female,31,81,93
922,Male,50,85,26
923,Female,36,85,75
924,Male,42,86,20
925,Female,33,86,95
926,Female,36,87,27
927,Male,32,87,63
928,Male,40,87,13
929,Male,28,87,75
930,Male,36,87,10
931,Male,36,87,92
932,Female,52,88,13
933,Female,30,88,86
934,Male,58,88,15
935,Male,27,88,69
936,Male,59,93,14
937,Male,35,93,90
938,Female,37,97,32
939,Female,32,97,86
940,Male,46,98,15
941,Female,29,98,88
942,Female,41,99,39
943,Male,30,99,97
944,Female,54,101,24
945,Male,28,101,68
946,Female,41,103,17
947,Female,36,103,85
948,Female,34,103,23
949,Female,32,103,69
950,Male,33,113,8
951,Female,38,113,91
952,Female,47,120,16
953,Female,35,120,79
954,Female,45,126,28
955,Male,32,126,74
956,Male,32,137,18
957,Male,30,137,83
958,Female,34,78,22
959,Male,34,78,90
960,Male,43,78,17
961,Male,39,78,88
962,Female,44,78,20
963,Female,38,78,76
964,Female,47,78,16
965,Female,27,78,89
966,Male,37,78,1
967,Female,30,78,78
968,Male,34,78,1
969,Female,30,78,73
970,Female,56,79,35
971,Female,29,79,83
972,Male,19,81,5
973,Female,31,81,93
974,Male,50,85,26
975,Female,36,85,75
976,Male,42,86,20
977,Female,33,86,95
978,Female,36,87,27
979,Male,32,87,63
980,Male,40,87,13
981,Male,28,87,75
982,Male,36,87,10
983,Male,36,87,92
984,Female,52,88,13
985,Female,30,88,86
986,Male,58,88,15
987,Male,27,88,69
988,Male,59,93,14
989,Male,35,93,90
990,Female,37,97,32
991,Female,32,97,86
992,Male,46,98,15
993,Female,29,98,88
994,Female,41,99,39
995,Male,30,99,97
996,Female,54,101,24
997,Male,28,101,68
998,Female,41,103,17
999,Female,36,103,85
1000,Female,34,103,23
1001,Female,32,103,69
1002,Male,33,113,8
1003,Female,38,113,91
1004,Female,47,120,16
1005,Female,35,120,79
1006,Female,45,126,28
1007,Male,32,126,74
1008,Male,32,137,18
1009,Male,30,137,83
1010,Female,29,98,88
1011,Female,41,99,39
1012,Male,30,99,97
1013,Female,54,101,24
1014,Male,28,101,68
1015,Female,41,103,17
1016,Female,36,103,85
1017,Female,34,103,23
1018,Female,32,103,69
1019,Male,33,113,8
1020,Female,38,113,91
1021,Female,47,120,16
1022,Female,35,120,79
1023,Female,45,126,28
1024,Male,32,126,74
1025,Male,32,137,18
1026,Male,30,137,83
1027,Female,34,78,22
1028,Male,34,78,90
1029,Male,43,78,17
1030,Male,39,78,88
1031,Female,44,78,20
1032,Female,38,78,76
1033,Female,47,78,16
1034,Female,27,78,89
1035,Male,37,78,1
1036,Female,30,78,78
1037,Male,34,78,1
1038,Female,30,78,73
1039,Female,56,79,35
1040,Female,29,79,83
1041,Male,19,81,5
1042,Female,31,81,93
1043,Female,35,19,99
1044,Female,58,20,15
1045,Female,24,20,77
1046,Male,37,20,13
1047,Male,22,20,79
1048,Female,35,21,35
1049,Male,20,21,66
1050,Male,52,23,29
1051,Female,35,23,98
1052,Male,35,24,35
1053,Male,25,24,73
1054,Female,46,25,5
1055,Male,31,25,73
1056,Female,54,28,14
1057,Male,29,28,82
1058,Female,45,28,32
1059,Male,35,28,61
1060,Female,40,29,31
1061,Female,23,29,87
1062,Male,60,30,4
1063,Female,21,30,73
1064,Male,53,33,4
1065,Male,18,33,92
1066,Female,49,33,14
1067,Female,21,33,81
1068,Female,42,34,17
1069,Female,30,34,73
1070,Female,36,37,26
1071,Female,20,37,75
1072,Female,65,38,35
1073,Male,24,38,92
1074,Male,48,39,36
1075,Female,31,39,61
1076,Female,49,39,28
1077,Female,24,39,65
1078,Female,50,40,55
1079,Female,27,40,47
1080,Female,29,40,42
1081,Female,31,40,42
1082,Female,49,42,52
1083,Male,33,42,60
1084,Female,31,43,54
1085,Male,59,43,60
1086,Female,50,43,45
1087,Male,47,43,41
1088,Female,51,44,50
1089,Male,69,44,46
1090,Female,27,46,51
1091,Male,53,46,46
1092,Male,70,46,56
1093,Male,19,46,55
1094,Female,67,47,52
1095,Female,54,47,59
1096,Male,63,48,51
1097,Male,18,48,59
1098,Female,43,48,50
1099,Female,68,48,48
1100,Male,19,48,59
1101,Female,32,48,47
1102,Male,70,49,55
1103,Female,47,49,42
1104,Female,60,50,49
1105,Female,60,50,56
1106,Male,59,54,47
1107,Male,26,54,54
1108,Female,45,54,53
1109,Male,40,54,48
1110,Female,23,54,52
1111,Female,49,54,42
1112,Male,57,54,51
1113,Male,38,54,55
1114,Male,67,54,41
1115,Female,46,54,44
1116,Female,21,54,57
1117,Male,48,54,46
1118,Female,55,57,58
1119,Female,22,57,55
1120,Female,34,58,60
1121,Female,50,58,46
1122,Female,68,59,55
1123,Male,18,59,41
1124,Male,48,60,49
1125,Female,40,60,40
1126,Female,32,60,42
1127,Male,24,60,52
1128,Female,47,60,47
1129,Female,27,60,50
1130,Male,48,61,42
1131,Male,20,61,49
1132,Female,23,62,41
1133,Female,49,62,48
1134,Male,67,62,59
1135,Male,26,62,55
1136,Male,49,62,56
1137,Female,21,62,42
1138,Female,66,63,50
1139,Male,54,63,46
1140,Male,68,63,43
1141,Male,66,63,48
1142,Male,65,63,52
1143,Female,19,63,54
1144,Female,38,64,42
1145,Male,19,64,46
1146,Female,18,65,48
1147,Female,19,65,50
1148,Female,63,65,43
1149,Female,49,65,59
1150,Female,51,67,43
1151,Female,50,67,57
1152,Male,27,67,56
1153,Female,38,67,40
1154,Female,40,69,58
1155,Male,39,69,91
1156,Female,23,70,29
1157,Female,31,70,77
1158,Male,43,71,35
1159,Male,40,71,95
1160,Male,59,71,11
1161,Male,38,71,75
1162,Male,47,71,9
1163,Male,39,71,75
1164,Female,25,72,34
1165,Female,31,72,71
1166,Male,20,73,5
1167,Female,29,73,88
1168,Female,44,73,7
1169,Male,32,73,73
1170,Male,19,74,10
1171,Female,35,74,72
1172,Female,57,75,5
1173,Male,32,75,93
1174,Female,28,76,40
1175,Female,32,76,87
1176,Male,25,77,12
1177,Male,28,77,97
1178,Male,48,77,36
1179,Female,32,77,74
1180,Female,34,78,22
1181,Male,34,78,90
1182,Female,49,62,48
1183,Male,67,62,59
1184,Male,26,62,55
1185,Male,49,62,56
1186,Female,21,62,42
1187,Female,66,63,50
1188,Male,54,63,46
1189,Male,68,63,43
1190,Male,66,63,48
1191,Male,65,63,52
1192,Female,19,63,54
1193,Female,38,64,42
1194,Male,19,64,46
1195,Female,18,65,48
1196,Female,19,65,50
1197,Female,63,65,43
1198,Female,49,65,59
1199,Female,51,67,43
1200,Female,50,67,57
1201,Male,27,67,56
1202,Female,38,67,40
1203,Female,40,69,58
1204,Male,39,69,91
1205,Female,23,70,29
1206,Female,31,70,77
1207,Male,43,71,35
1208,Male,40,71,95
1209,Male,59,71,11
1210,Male,38,71,75
1211,Male,47,71,9
1212,Male,39,71,75
1213,Female,25,72,34
1214,Female,31,72,71
1215,Male,20,73,5
1216,Female,29,73,88
1217,Female,44,73,7
1218,Male,32,73,73
1219,Male,19,74,10
1220,Female,35,74,72
1221,Female,57,75,5
1222,Male,32,75,93
1223,Female,28,76,40
1224,Female,32,76,87
1225,Male,25,77,12
1226,Male,28,77,97
1227,Male,48,77,36
1228,Female,32,77,74
1229,Female,34,78,22
1230,Male,34,78,90
1231,Male,43,78,17
1232,Male,39,78,88
1233,Female,44,78,20
1234,Female,38,78,76
1235,Female,47,78,16
1236,Female,27,78,89
1237,Male,37,78,1
1238,Female,30,78,78
1239,Male,34,78,1
1240,Female,30,78,73
1241,Female,56,79,35
1242,Female,29,79,83
1243,Male,19,81,5
1244,Female,31,81,93
1245,Male,50,85,26
1246,Female,36,85,75
1247,Male,42,86,20
1248,Female,33,86,95
1249,Female,36,87,27
1250,Male,32,87,63
1251,Male,40,87,13
1252,Male,28,87,75
1253,Male,36,87,10
1254,Male,36,87,92
1255,Female,52,88,13
1256,Female,30,88,86
1257,Male,58,88,15
1258,Male,27,88,69
1259,Male,59,93,14
1260,Male,35,93,90
1261,Female,37,97,32
1262,Female,32,97,86
1263,Male,46,98,15
1264,Female,29,98,88
1265,Female,41,99,39
1266,Male,30,99,97
1267,Female,54,101,24
1268,Male,28,101,68
1269,Female,41,103,17
1270,Female,36,103,85
1271,Female,34,103,23
1272,Female,32,103,69
1273,Male,33,113,8
1274,Female,38,113,91
1275,Female,47,120,16
1276,Female,35,120,79
1277,Female,45,126,28
1278,Male,32,126,74
1279,Male,32,137,18
1280,Male,30,137,83
1281,Female,34,78,22
1282,Male,34,78,90
1283,Male,43,78,17
1284,Male,39,78,88
1285,Female,44,78,20
1286,Female,38,78,76
1287,Female,47,78,16
1288,Female,27,78,89
1289,Male,37,78,1
1290,Female,30,78,78
1291,Male,34,78,1
1292,Female,30,78,73
1293,Female,56,79,35
1294,Female,29,79,83
1295,Male,19,81,5
1296,Female,31,81,93
1297,Male,50,85,26
1298,Female,36,85,75
1299,Male,42,86,20
1300,Female,33,86,95
1301,Female,36,87,27
1302,Male,32,87,63
1303,Male,40,87,13
1304,Male,28,87,75
1305,Male,36,87,10
1306,Male,36,87,92
1307,Female,52,88,13
1308,Female,30,88,86
1309,Male,58,88,15
1310,Male,27,88,69
1311,Male,59,93,14
1312,Male,35,93,90
1313,Female,37,97,32
1314,Female,32,97,86
1315,Male,46,98,15
1316,Female,29,98,88
1317,Female,41,99,39
1318,Male,30,99,97
1319,Female,54,101,24
1320,Male,28,101,68
1321,Female,41,103,17
1322,Female,36,103,85
1323,Female,34,103,23
1324,Female,32,103,69
1325,Male,33,113,8
1326,Female,38,113,91
1327,Female,47,120,16
1328,Female,35,120,79
1329,Female,45,126,28
1330,Male,32,126,74
1331,Male,32,137,18
1332,Male,30,137,83
1333,Female,29,98,88
1334,Female,41,99,39
1335,Male,30,99,97
1336,Female,54,101,24
1337,Male,28,101,68
1338,Female,41,103,17
1339,Female,36,103,85
1340,Female,34,103,23
1341,Female,32,103,69
1342,Male,33,113,8
1343,Female,38,113,91
1344,Female,47,120,16
1345,Female,35,120,79
1346,Female,45,126,28
1347,Male,32,126,74
1348,Male,32,137,18
1349,Male,30,137,83
1350,Female,34,78,22
1351,Male,34,78,90
1352,Male,43,78,17
1353,Male,39,78,88
1354,Female,44,78,20
1355,Female,38,78,76
1356,Female,47,78,16
1357,Female,27,78,89
1358,Male,37,78,1
1359,Female,30,78,78
1360,Male,34,78,1
1361,Female,30,78,73
1362,Female,56,79,35
1363,Female,29,79,83
1364,Male,19,81,5
1365,Female,31,81,93
1366,Female,35,19,99
1367,Female,58,20,15
1368,Female,24,20,77
1369,Male,37,20,13
1370,Male,22,20,79
1371,Female,35,21,35
1372,Male,20,21,66
1373,Male,52,23,29
1374,Female,35,23,98
1375,Male,35,24,35
1376,Male,25,24,73
1377,Female,46,25,5
1378,Male,31,25,73
1379,Female,54,28,14
1380,Male,29,28,82
1381,Female,45,28,32
1382,Male,35,28,61
1383,Female,40,29,31
1384,Female,23,29,87
1385,Male,60,30,4
1386,Female,21,30,73
1387,Male,53,33,4
1388,Male,18,33,92
1389,Female,49,33,14
1390,Female,21,33,81
1391,Female,42,34,17
1392,Female,30,34,73
1393,Female,36,37,26
1394,Female,20,37,75
1395,Female,65,38,35
1396,Male,24,38,92
1397,Male,48,39,36
1398,Female,31,39,61
1399,Female,49,39,28
1400,Female,24,39,65
1401,Female,50,40,55
1402,Female,27,40,47
1403,Female,29,40,42
1404,Female,31,40,42
1405,Female,49,42,52
1406,Male,33,42,60
1407,Female,31,43,54
1408,Male,59,43,60
1409,Female,50,43,45
1410,Male,47,43,41
1411,Female,51,44,50
1412,Male,69,44,46
1413,Female,27,46,51
1414,Male,53,46,46
1415,Male,70,46,56
1416,Male,19,46,55
1417,Female,67,47,52
1418,Female,54,47,59
1419,Male,63,48,51
1420,Male,18,48,59
1421,Female,43,48,50
1422,Female,68,48,48
1423,Male,19,48,59
1424,Female,32,48,47
1425,Male,70,49,55
1426,Female,47,49,42
1427,Female,60,50,49
1428,Female,60,50,56
1429,Male,59,54,47
1430,Male,26,54,54
1431,Female,45,54,53
1432,Male,40,54,48
1433,Female,23,54,52
1434,Female,49,54,42
1435,Male,57,54,51
1436,Male,38,54,55
1437,Male,67,54,41
1438,Female,46,54,44
1439,Female,21,54,57
1440,Male,48,54,46
1441,Female,55,57,58
1442,Female,22,57,55
1443,Female,34,58,60
1444,Female,50,58,46
1445,Female,68,59,55
1446,Male,18,59,41
1447,Male,48,60,49
1448,Female,40,60,40
1449,Female,32,60,42
1450,Male,24,60,52
1451,Female,47,60,47
1452,Female,27,60,50
1453,Male,48,61,42
1454,Male,20,61,49
1455,Female,23,62,41
1456,Female,49,62,48
1457,Male,67,62,59
1458,Male,26,62,55
1459,Male,49,62,56
1460,Female,21,62,42
1461,Female,66,63,50
1462,Male,54,63,46
1463,Male,68,63,43
1464,Male,66,63,48
1465,Male,65,63,52
1466,Female,19,63,54
1467,Female,38,64,42
1468,Male,19,64,46
1469,Female,18,65,48
1470,Female,19,65,50
1471,Female,63,65,43
1472,Female,49,65,59
1473,Female,51,67,43
1474,Female,50,67,57
1475,Male,27,67,56
1476,Female,38,67,40
1477,Female,40,69,58
1478,Male,39,69,91
1479,Female,23,70,29
1480,Female,31,70,77
1481,Male,43,71,35
1482,Male,40,71,95
1483,Male,59,71,11
1484,Male,38,71,75
1485,Male,47,71,9
1486,Male,39,71,75
1487,Female,25,72,34
1488,Female,31,72,71
1489,Male,20,73,5
1490,Female,29,73,88
1491,Female,44,73,7
1492,Male,32,73,73
1493,Male,19,74,10
1494,Female,35,74,72
1495,Female,57,75,5
1496,Male,32,75,93
1497,Female,28,76,40
1498,Female,32,76,87
1499,Male,25,77,12
1500,Male,28,77,97
1501,Male,48,77,36
1502,Female,32,77,74
1503,Female,34,78,22
1504,Male,34,78,90
1505,Female,68,48,48
1506,Male,19,48,59
1507,Female,32,48,47
1508,Male,70,49,55
1509,Female,47,49,42
1510,Female,60,50,49
1511,Female,60,50,56
1512,Male,59,54,47
1513,Male,26,54,54
1514,Female,45,54,53
1515,Male,40,54,48
1516,Female,23,54,52
1517,Female,49,54,42
1518,Male,57,54,51
1519,Male,38,54,55
1520,Male,67,54,41
1521,Female,46,54,44
1522,Female,21,54,57
1523,Male,48,54,46
1524,Female,55,57,58
1525,Female,22,57,55
1526,Female,34,58,60
1527,Female,50,58,46
1528,Female,68,59,55
1529,Male,18,59,41
1530,Male,48,60,49
1531,Female,40,60,40
1532,Female,32,60,42
1533,Male,24,60,52
1534,Female,47,60,47
1535,Female,27,60,50
1536,Male,48,61,42
1537,Male,20,61,49
1538,Female,23,62,41
1539,Female,49,62,48
1540,Male,67,62,59
1541,Male,26,62,55
1542,Male,49,62,56
1543,Female,21,62,42
1544,Female,66,63,50
1545,Male,54,63,46
1546,Male,68,63,43
1547,Male,66,63,48
1548,Male,65,63,52
1549,Female,19,63,54
1550,Female,38,64,42
1551,Male,19,64,46
1552,Female,18,65,48
1553,Female,19,65,50
1554,Female,63,65,43
1555,Female,49,65,59
1556,Female,51,67,43
1557,Female,50,67,57
1558,Male,27,67,56
1559,Female,38,67,40
1560,Female,40,69,58
1561,Male,39,69,91
1562,Female,23,70,29
1563,Female,31,70,77
1564,Male,43,71,35
1565,Male,40,71,95
1566,Male,59,71,11
1567,Male,38,71,75
1568,Male,47,71,9
1569,Male,39,71,75
1570,Female,25,72,34
1571,Female,31,72,71
1572,Male,20,73,5
1573,Female,29,73,88
1574,Female,44,73,7
1575,Male,32,73,73
1576,Male,19,74,10
1577,Female,35,74,72
1578,Female,57,75,5
1579,Male,32,75,93
1580,Female,28,76,40
1581,Female,32,76,87
1582,Male,25,77,12
1583,Female,23,62,41
1584,Female,49,62,48
1585,Male,67,62,59
1586,Male,26,62,55
1587,Male,49,62,56
1588,Female,21,62,42
1589,Female,66,63,50
1590,Male,54,63,46
1591,Male,68,63,43
1592,Male,66,63,48
1593,Male,65,63,52
1594,Female,19,63,54
1595,Female,38,64,42
1596,Male,19,64,46
1597,Female,18,65,48
1598,Female,19,65,50
1599,Female,63,65,43
1600,Female,49,65,59
1601,Female,51,67,43
1602,Female,50,67,57
1603,Male,27,67,56
1604,Female,38,67,40
1605,Female,40,69,58
1606,Male,39,69,91
1607,Female,23,70,29
1608,Female,31,70,77
1609,Male,43,71,35
1610,Male,40,71,95
1611,Male,59,71,11
1612,Male,38,71,75
1613,Male,47,71,9
1614,Male,39,71,75
1615,Female,25,72,34
1616,Female,31,72,71
1617,Male,20,73,5
1618,Female,29,73,88
1619,Female,44,73,7
1620,Male,32,73,73
1621,Male,19,74,10
1622,Female,35,74,72
1623,Female,57,75,5
1624,Male,32,75,93
1625,Female,28,76,40
1626,Female,32,76,87
1627,Male,25,77,12
1628,Male,28,77,97
1629,Male,48,77,36
1630,Female,32,77,74
1631,Female,34,78,22
1632,Male,34,78,90
1633,Female,49,62,48
1634,Male,67,62,59
1635,Male,26,62,55
1636,Male,49,62,56
1637,Female,21,62,42
1638,Female,66,63,50
1639,Male,54,63,46
1640,Male,68,63,43
1641,Male,66,63,48
1642,Male,65,63,52
1643,Female,19,63,54
1644,Female,38,64,42
1645,Male,19,64,46
1646,Female,18,65,48
1647,Female,19,65,50
1648,Female,63,65,43
1649,Female,49,65,59
1650,Female,51,67,43
1651,Female,50,67,57
1652,Male,27,67,56
1653,Female,38,67,40
1654,Female,40,69,58
1655,Male,39,69,91
1656,Female,23,70,29
1657,Female,31,70,77
1658,Male,43,71,35
1659,Male,40,71,95
1660,Male,59,71,11
1661,Male,38,71,75
1662,Male,47,71,9
1663,Male,39,71,75
1664,Female,25,72,34
1665,Female,31,72,71
1666,Male,20,73,5
1667,Female,29,73,88
1668,Female,44,73,7
1669,Male,32,73,73
1670,Male,19,74,10
1671,Female,35,74,72
1672,Female,57,75,5
1673,Male,32,75,93
1674,Female,28,76,40
1675,Female,32,76,87
1676,Male,25,77,12
1677,Male,28,77,97
1678,Male,48,77,36
1679,Female,32,77,74
1680,Female,34,78,22
1681,Male,34,78,90
1682,Male,43,78,17
1683,Male,39,78,88
1684,Female,44,78,20
1685,Female,38,78,76
1686,Female,47,78,16
1687,Female,27,78,89
1688,Male,37,78,1
1689,Female,30,78,78
1690,Male,34,78,1
1691,Female,30,78,73
1692,Female,56,79,35
1693,Female,29,79,83
1694,Male,19,81,5
1695,Female,31,81,93
1696,Male,50,85,26
1697,Female,36,85,75
1698,Male,42,86,20
1699,Female,33,86,95
1700,Female,36,87,27
1701,Male,32,87,63
1702,Male,40,87,13
1703,Male,28,87,75
1704,Male,36,87,10
1705,Male,36,87,92
1706,Female,52,88,13
1707,Female,30,88,86
1708,Male,58,88,15
1709,Male,27,88,69
1710,Male,59,93,14
1711,Male,35,93,90
1712,Female,37,97,32
1713,Female,32,97,86
1714,Male,46,98,15
1715,Female,29,98,88
1716,Female,41,99,39
1717,Male,30,99,97
1718,Female,54,101,24
1719,Male,28,101,68
1720,Female,41,103,17
1721,Female,36,103,85
1722,Female,34,103,23
1723,Female,32,103,69
1724,Male,33,113,8
1725,Female,38,113,91
1726,Female,47,120,16
1727,Female,35,120,79
1728,Female,45,126,28
1729,Male,32,126,74
1730,Male,32,137,18
1731,Male,30,137,83
1732,Female,34,78,22
1733,Male,34,78,90
1734,Male,43,78,17
1735,Male,39,78,88
1736,Female,44,78,20
1737,Female,38,78,76
1738,Female,47,78,16
1739,Female,27,78,89
1740,Male,37,78,1
1741,Female,30,78,78
1742,Male,34,78,1
1743,Female,30,78,73
1744,Female,56,79,35
1745,Female,29,79,83
1746,Male,19,81,5
1747,Female,31,81,93
1748,Male,50,85,26
1749,Female,36,85,75
1750,Male,42,86,20
1751,Female,33,86,95
1752,Female,36,87,27
1753,Male,32,87,63
1754,Male,40,87,13
1755,Male,28,87,75
1756,Male,36,87,10
1757,Male,36,87,92
1758,Female,52,88,13
1759,Female,30,88,86
1760,Male,58,88,15
1761,Male,27,88,69
1762,Male,59,93,14
1763,Male,35,93,90
1764,Female,37,97,32
1765,Female,32,97,86
1766,Male,46,98,15
1767,Female,29,98,88
1768,Female,41,99,39
1769,Male,30,99,97
1770,Female,54,101,24
1771,Male,28,101,68
1772,Female,41,103,17
1773,Female,36,103,85
1774,Female,34,103,23
1775,Female,32,103,69
1776,Male,33,113,8
1777,Female,38,113,91
1778,Female,47,120,16
1779,Female,35,120,79
1780,Female,45,126,28
1781,Male,32,126,74
1782,Male,32,137,18
1783,Male,30,137,83
1784,Female,29,98,88
1785,Female,41,99,39
1786,Male,30,99,97
1787,Female,54,101,24
1788,Male,28,101,68
1789,Female,41,103,17
1790,Female,36,103,85
1791,Female,34,103,23
1792,Female,32,103,69
1793,Male,33,113,8
1794,Female,38,113,91
1795,Female,47,120,16
1796,Female,35,120,79
1797,Female,45,126,28
1798,Male,32,126,74
1799,Male,32,137,18
1800,Male,30,137,83
1801,Female,34,78,22
1802,Male,34,78,90
1803,Male,43,78,17
1804,Male,39,78,88
1805,Female,44,78,20
1806,Female,38,78,76
1807,Female,47,78,16
1808,Female,27,78,89
1809,Male,37,78,1
1810,Female,30,78,78
1811,Male,34,78,1
1812,Female,30,78,73
1813,Female,56,79,35
1814,Female,29,79,83
1815,Male,19,81,5
1816,Female,31,81,93
1817,Female,35,19,99
1818,Female,58,20,15
1819,Female,24,20,77
1820,Male,37,20,13
1821,Male,22,20,79
1822,Female,35,21,35
1823,Male,20,21,66
1824,Male,52,23,29
1825,Female,35,23,98
1826,Male,35,24,35
1827,Male,25,24,73
1828,Female,46,25,5
1829,Male,31,25,73
1830,Female,54,28,14
1831,Male,29,28,82
1832,Female,45,28,32
1833,Male,35,28,61
1834,Female,40,29,31
1835,Female,23,29,87
1836,Male,60,30,4
1837,Female,21,30,73
1838,Male,53,33,4
1839,Male,18,33,92
1840,Female,49,33,14
1841,Female,21,33,81
1842,Female,42,34,17
1843,Female,30,34,73
1844,Female,36,37,26
1845,Female,20,37,75
1846,Female,65,38,35
1847,Male,24,38,92
1848,Male,48,39,36
1849,Female,31,39,61
1850,Female,49,39,28
1851,Female,24,39,65
1852,Female,50,40,55
1853,Female,27,40,47
1854,Female,29,40,42
1855,Female,31,40,42
1856,Female,49,42,52
1857,Male,33,42,60
1858,Female,31,43,54
1859,Male,59,43,60
1860,Female,50,43,45
1861,Male,47,43,41
1862,Female,51,44,50
1863,Male,69,44,46
1864,Female,27,46,51
1865,Male,53,46,46
1866,Male,70,46,56
1867,Male,19,46,55
1868,Female,67,47,52
1869,Female,54,47,59
1870,Male,63,48,51
1871,Male,18,48,59
1872,Female,43,48,50
1873,Female,68,48,48
1874,Male,19,48,59
1875,Female,32,48,47
1876,Male,70,49,55
1877,Female,47,49,42
1878,Female,60,50,49
1879,Female,60,50,56
1880,Male,59,54,47
1881,Male,26,54,54
1882,Female,45,54,53
1883,Male,40,54,48
1884,Female,23,54,52
1885,Female,49,54,42
1886,Male,57,54,51
1887,Male,38,54,55
1888,Male,67,54,41
1889,Female,46,54,44
1890,Female,21,54,57
1891,Male,48,54,46
1892,Female,55,57,58
1893,Female,22,57,55
1894,Female,34,58,60
1895,Female,50,58,46
1896,Female,68,59,55
1897,Male,18,59,41
1898,Male,48,60,49
1899,Female,40,60,40
1900,Female,32,60,42
1901,Male,24,60,52
1902,Female,47,60,47
1903,Female,27,60,50
1904,Male,48,61,42
1905,Male,20,61,49
1906,Female,23,62,41
1907,Female,49,62,48
1908,Male,67,62,59
1909,Male,26,62,55
1910,Male,49,62,56
1911,Female,21,62,42
1912,Female,66,63,50
1913,Male,54,63,46
1914,Male,68,63,43
1915,Male,66,63,48
1916,Male,65,63,52
1917,Female,19,63,54
1918,Female,38,64,42
1919,Male,19,64,46
1920,Female,18,65,48
1921,Female,19,65,50
1922,Female,63,65,43
1923,Female,49,65,59
1924,Female,51,67,43
1925,Female,50,67,57
1926,Male,27,67,56
1927,Female,38,67,40
1928,Female,40,69,58
1929,Male,39,69,91
1930,Female,23,70,29
1931,Female,31,70,77
1932,Male,43,71,35
1933,Male,40,71,95
1934,Male,59,71,11
1935,Male,38,71,75
1936,Male,47,71,9
1937,Male,39,71,75
1938,Female,25,72,34
1939,Female,31,72,71
1940,Male,20,73,5
1941,Female,29,73,88
1942,Female,44,73,7
1943,Male,32,73,73
1944,Male,19,74,10
1945,Female,35,74,72
1946,Female,57,75,5
1947,Male,32,75,93
1948,Female,28,76,40
1949,Female,32,76,87
1950,Male,25,77,12
1951,Male,28,77,97
1952,Male,48,77,36
1953,Female,32,77,74
1954,Female,34,78,22
1955,Male,34,78,90
1956,Female,68,48,48
1957,Male,19,48,59
1958,Female,32,48,47
1959,Male,70,49,55
1960,Female,47,49,42
1961,Female,60,50,49
1962,Female,60,50,56
1963,Male,59,54,47
1964,Male,26,54,54
1965,Female,45,54,53
1966,Male,40,54,48
1967,Female,23,54,52
1968,Female,49,54,42
1969,Male,57,54,51
1970,Male,38,54,55
1971,Male,67,54,41
1972,Female,46,54,44
1973,Female,21,54,57
1974,Male,48,54,46
1975,Female,55,57,58
1976,Female,22,57,55
1977,Female,34,58,60
1978,Female,50,58,46
1979,Female,68,59,55
1980,Male,18,59,41
1981,Male,48,60,49
1982,Female,40,60,40
